ID,thread_length,thread_pitch,head_length,diameter,screw_type
B322,25.0,0.39,13,1.9,British Assosciation screw
B325,16.0,0.73,13,2.1,British Assosciation screw
B334,9.5,0.81,6.5,1.8,British Assosciation screw
B300,100.0,0.28,13,1.8,British Assosciation screw
B305,38.0,0.9,13,1.8,British Assosciation screw
B329,9.5,0.48,9.5,2.2,British Assosciation screw
B333,32.0,0.66,6.5,2.4,British Assosciation screw
B330,75.0,0.21,6.5,1.5,British Assosciation screw
B331,9.5,0.48,13,1.4,British Assosciation screw
B332,100.0,0.31,13,2.3,British Assosciation screw
B335,63.0,0.59,6.5,1.8,British Assosciation screw
B336,38.0,0.73,6.5,2.1,British Assosciation screw
B337,16.0,0.25,6.5,2.4,British Assosciation screw
B338,13.0,0.28,6.5,2.3,British Assosciation screw
B314,100.0,0.9,6.5,2.2,British Assosciation screw
B315,9.5,0.73,13,2.3,British Assosciation screw
B307,25.0,0.21,13,2.0,British Assosciation screw
B308,75.0,0.66,13,1.9,British Assosciation screw
B309,25.0,1.0,13,2.1,British Assosciation screw
B310,25.0,0.23,,2.0,British Assosciation screw
B311,19.0,0.35,9.5,2.4,British Assosciation screw
B342,38.0,0.23,13,2.3,British Assosciation screw
B343,9.5,0.35,6.5,1.9,British Assosciation screw
B344,19.0,0.25,9.5,2.0,British Assosciation screw
B345,38.0,1.0,13,2.3,British Assosciation screw
B323,75.0,0.9,6.5,1.8,British Assosciation screw
B324,75.0,0.48,6.5,1.8,British Assosciation screw
B327,63.0,0.59,9.5,1.9,British Assosciation screw
B301,32.0,1.0,6.5,2.2,British Assosciation screw
B302,16.0,0.43,13,2.1,British Assosciation screw
B303,9.5,0.73,13,1.7,British Assosciation screw
B304,16.0,1.0,9.5,1.8,British Assosciation screw
B299,32.0,0.73,9.5,2.1,British Assosciation screw
B306,38.0,0.48,"1""",2.5,British Assosciation screw
B297,63.0,0.53,9.5,2.5,British Assosciation screw
B298,38.0,0.21,9.5,1.9,British Assosciation screw
B312,9.5,0.66,6.5,2.3,British Assosciation screw
B313,25.0,0.23,6.5,1.8,British Assosciation screw
B316,19.0,0.73,6.5,1.5,British Assosciation screw
B195,2.0,1.81,15.5788,22.91,British Standard Whitworth screw
B198,25.4,2.12,12.94,"3/4""",British Standard Whitworth screw
B206,25.4,2.12,12.954,19.05,British Standard Whitworth screw
B207,12.7,0.91,3.7808,5.56,British Standard Whitworth screw
B196,1.5,1.34,8.9488,13.16,British Standard Whitworth screw
B199,,1.81,7.5548,11.11,British Standard Whitworth screw
B201,25.4,1.59,8.636,12.7,British Standard Whitworth screw
B211,50.8,3.18,17.272,25.4,British Standard Whitworth screw
B213,50.8,2.12,9.7172,14.29,British Standard Whitworth screw
B202,1.5,1.59,8.636,"1/2""",British Standard Whitworth screw
B203,2.0,1.06,3.2368,4.76,British Standard Whitworth screw
B210,12.7,2.31,11.8728,17.46,British Standard Whitworth screw
B204,12.7,1.81,17.9792,26.44,British Standard Whitworth screw
B209,6.35,1.59,9.7172,14.29,British Standard Whitworth screw
B205,1.5,2.12,9.7172,14.29,British Standard Whitworth screw
B200,2.0,3.18,17.272,25.4,British Standard Whitworth screw
B212,19.05,0.91,6.6164,9.73,British Standard Whitworth screw
B208,1.5,1.81,17.9792,26.44,British Standard Whitworth screw
B216,12.7,1.59,6.4804,9.53,British Standard Whitworth screw
B214,6.35,1.34,11.3288,16.66,British Standard Whitworth screw
B215,25.4,1.34,11.3288,16.66,British Standard Whitworth screw
B197,38.1,0.79,3.2368,4.76,British Standard Whitworth screw
B232,50.0,2.5,11.25,18,Metric screw
B233,30.0,1.0,3.75,6,Metric screw
B255,15.0,0.7,2.5,4,Metric screw
B218,60.0,0.75,3.75,6,Metric screw
B219,20.0,3.0,15.0,24,Metric screw
B220,50.0,1.5,11.25,18,Metric screw
B289,40.0,1.0,3.75,6,Metric screw
B221,40.0,0.5,1.875,3,Metric screw
B222,30.0,1.5,6.25,10,Metric screw
B223,25.0,1.5,8.75,14,Metric screw
B224,30.0,1.5,6.25,10,Metric screw
B225,10.0,0.25,1.25,2,Metric screw
B226,15.0,0.6,2.1875,3.5,Metric screw
B227,15.0,2.5,13.75,22,Metric screw
B234,35.0,2.0,11.25,18,Metric screw
B235,30.0,2.0,8.75,14,Metric screw
B236,20.0,1.25,5.0,8,Metric screw
B237,35.0,2.5,13.75,22,Metric screw
B238,30.0,0.4,1.25,2,Metric screw
B239,15.0,1.5,13.75,22,Metric screw
B240,10.0,2.0,18.75,30,Metric screw
B241,35.0,2.0,18.75,30,Metric screw
B242,10.0,,15.0,24,Metric screw
B243,40.0,1.5,13.75,22,Metric screw
B244,25.0,0.5,2.5,4,Metric screw
B245,15.0,0.7,2.5,4,Metric screw
B246,20.0,1.0,5.0,8,Metric screw
B247,15.0,2.0,13.75,22,Metric screw
B248,50.0,1.5,11.25,18,Metric screw
B249,35.0,2.0,16.875,27,Metric screw
B250,10.0,2.0,15.0,24,Metric screw
B251,60.0,0.5,1.875,3,Metric screw
B252,30.0,2.5,11.25,18,Metric screw
B253,15.0,1.0,5.0,8,Metric screw
B256,35.0,2.0,12.5,20,Metric screw
B257,30.0,1.25,6.25,10,Metric screw
B258,40.0,1.0,6.25,10,Metric screw
B259,40.0,0.5,3.125,5,Metric screw
B254,50.0,2.0,18.75,30,Metric screw
B260,30.0,0.35,1.875,3,Metric screw
B263,60.0,1.5,10.0,16,Metric screw
B264,10.0,0.75,5.0,8,Metric screw
B265,40.0,1.25,6.25,10,Metric screw
B266,60.0,2.5,11.25,18,Metric screw
B267,20.0,1.5,6.25,10,Metric screw
B268,30.0,3.0,16.875,27,Metric screw
B269,40.0,2.0,15.0,24,Metric screw
B270,25.0,0.35,1.5625,2.5,Metric screw
B271,25.0,1.0,5.0,8,Metric screw
B272,50.0,2.5,13.75,22,Metric screw
B273,50.0,1.25,5.0,8,Metric screw
B274,50.0,1.5,13.75,22,Metric screw
B281,10.0,2.0,10.0,16,Metric screw
B282,25.0,1.0,5.0,8,Metric screw
B283,50.0,0.25,1.25,2,Metric screw
B284,25.0,2.5,13.75,22,Metric screw
B285,30.0,2.5,11.25,18,Metric screw
B286,35.0,3.0,16.875,27,Metric screw
B287,30.0,2.5,12.5,20,Metric screw
B288,50.0,1.5,11.25,18,Metric screw
B290,50.0,0.35,1.875,3,Metric screw
B291,30.0,0.25,1.25,2,Metric screw
B292,15.0,1.5,7.5,12,Metric screw
B293,35.0,2.0,11.25,18,Metric screw
B294,20.0,1.0,3.75,6,Metric screw
B295,15.0,1.5,13.75,22,Metric screw
B296,25.0,0.8,3.125,5,Metric screw
B279,60.0,1.5,8.75,14,Metric screw
B261,10.0,1.5,13.75,22,Metric screw
B262,60.0,2.5,11.25,18,Metric screw
B217,20.0,1.0,6.25,10,Metric screw
B228,15.0,0.45,1.5625,2.5,Metric screw
B229,40.0,2.5,11.25,18,Metric screw
B230,25.0,0.5,2.5,h,Metric screw
B231,35.0,1.25,6.25,10,Metric screw
B275,60.0,2.0,15.0,24,Metric screw
B276,15.0,0.6,2.1875,3.5,Metric screw
B277,40.0,0.8,3.125,5,Metric screw
B278,25.0,2.0,8.75,14,Metric screw
B280,25.0,1.5,10.0,16,Metric screw
